id,first_name,last_name,email,gender,ip_address,country,country_code
447627,Nikolos,Safell,nsafell0@house.gov,Agender,79.38.93.18,,
998854,,,,Bigender,203.90.184.232,China,CN
325249,Devinne,Askam,daskam2@loc.gov,,255.197.84.69,,
563213,Andrew,Sanzio,asanzio3@columbia.edu,Bigender,159.53.95.150,Japan,JP
193283,Gilles,Zoane,gzoane4@mozilla.org,Female,53.108.15.167,China,CN
111022,Audra,Ortell,aortell5@gizmodo.com,Genderqueer,,Mexico,MX
453102,Neda,Pinching,npinching6@ocn.ne.jp,Genderfluid,20.168.104.226,Japan,JP
115168,Karin,Steane,ksteane7@freewebs.com,Bigender,171.83.10.171,,
515155,Gregory,Shields,gshields8@xinhuanet.com,Non-binary,8.101.124.253,China,CN
301133,Tanner,Lemarie,tlemarie9@cnn.com,Non-binary,,China,CN
780037,Lamar,Dyett,ldyetta@ftc.gov,Male,,,
556454,Albie,Lintill,alintillb@about.me,Genderfluid,80.116.3.7,Russia,RU
141533,Daffie,Smaleman,dsmalemanc@twitpic.com,Genderfluid,111.111.165.216,Mexico,MX
296740,Tome,Steade,tsteaded@fc2.com,Non-binary,209.221.8.207,,
755162,Dagmar,Treadaway,dtreadawaye@163.com,,90.86.106.168,Canada,CA
353879,Mata,Verbrugge,mverbruggef@comcast.net,Genderqueer,,China,CN
625971,Melisse,Ferandez,mferandezg@usnews.com,Female,,Russia,RU
847942,,,,Bigender,45.102.86.78,China,CN
802985,,,,Genderqueer,24.204.118.160,Russia,RU
161374,Alie,MacKaig,amackaigj@hc360.com,Non-binary,,China,CN
283095,Alejoa,Burdge,aburdgek@cnn.com,Polygender,164.93.143.149,China,CN
856069,Roderick,Danby,rdanbyl@gizmodo.com,Bigender,18.223.144.139,Russia,RU
929243,Clair,Allnatt,callnattm@behance.net,Genderqueer,44.203.229.153,Russia,RU
790518,Timothea,Curd,tcurdn@com.com,Female,,China,CN
620497,Katerina,Fley,kfleyo@psu.edu,Polygender,247.149.249.168,,
154160,Marcel,Sherred,msherredp@newsvine.com,,132.222.14.124,Australia,AU
532030,Durand,Gilder,dgilderq@xinhuanet.com,Agender,38.119.42.246,China,CN
848598,Matthus,Hurburt,mhurburtr@bloomberg.com,,166.16.216.253,China,CN
440135,Sianna,Locock,slococks@example.com,Genderfluid,251.49.173.221,United Kingdom,GB
952146,Elise,Paal,epaalt@zimbio.com,Genderfluid,,China,CN
762218,Lara,Greathead,lgreatheadu@weibo.com,Genderqueer,39.181.76.206,Canada,CA
854716,Harmony,Chaman,hchamanv@engadget.com,Bigender,128.253.155.210,China,CN
708448,Jose,Yabsley,jyabsleyw@trellian.com,Genderfluid,,China,CN
358327,,,,Male,,Russia,RU
982705,Doroteya,Straughan,dstraughany@hatena.ne.jp,Polygender,,Canada,CA
827711,Mareah,Bristoe,mbristoez@marketwatch.com,Bigender,194.100.198.149,China,CN
825660,Zollie,Jeffrey,zjeffrey10@utexas.edu,Genderfluid,,Mexico,MX
567966,Lonny,Blackborne,lblackborne11@google.it,Female,209.159.41.238,China,CN
648891,Teddy,Barta,tbarta12@walmart.com,Female,234.178.87.208,,
944043,Francklin,Widdocks,fwiddocks13@bbc.co.uk,,251.26.84.80,China,CN
503022,Rae,Braunfeld,rbraunfeld14@addtoany.com,Male,50.193.57.90,United States,US
960512,Wilton,Brandassi,wbrandassi15@nba.com,Female,,France,FR
303937,Jarvis,Dyzart,jdyzart16@twitpic.com,Female,63.42.61.47,Brazil,BR
813555,Cosmo,Pryer,cpryer17@deliciousdays.com,Agender,120.242.232.192,,
593300,Kimberlee,Francklin,kfrancklin18@umich.edu,Male,213.130.81.196,,
429188,Lisa,Malloy,lmalloy19@tumblr.com,Agender,130.83.13.154,France,FR
751730,Corby,Stichall,cstichall1a@google.ru,Female,83.34.38.57,China,CN
688000,Jareb,Fickling,jfickling1b@woothemes.com,Non-binary,143.195.74.194,,
943885,Lotte,Girardi,lgirardi1c@pbs.org,Female,95.120.140.52,,
934661,Flinn,Gibbonson,fgibbonson1d@cbslocal.com,Female,,,
501509,Trstram,Houndesome,thoundesome1e@usa.gov,Genderfluid,,Canada,CA
630005,Alanson,Depka,adepka1f@mozilla.com,Genderfluid,103.129.211.223,,
127569,Rockie,Normanvill,rnormanvill1g@yellowpages.com,Genderqueer,142.5.245.134,,
668981,Heriberto,Maliphant,hmaliphant1h@simplemachines.org,Non-binary,,France,FR
560360,Clayton,Dufoure,cdufoure1i@time.com,Male,217.220.235.214,United States,US
696305,Rafferty,Crickmore,rcrickmore1j@privacy.gov.au,,,,
363076,Eda,Nunnerley,enunnerley1k@ted.com,Bigender,,France,FR
528308,Arliene,Howell,ahowell1l@blog.com,Agender,72.27.59.72,,
530898,Ariella,Freebury,afreebury1m@cargocollective.com,Non-binary,9.68.189.254,,
201397,Adrien,McClintock,amcclintock1n@google.it,Genderqueer,239.245.211.114,Brazil,BR
473723,Gardiner,Meekins,gmeekins1o@marriott.com,Agender,149.178.197.72,,
752955,Tim,Versey,tversey1p@irs.gov,Agender,224.183.186.196,Canada,CA
887584,Lettie,Danilchev,ldanilchev1q@sohu.com,Male,254.12.251.230,China,CN
629374,Innis,Cogdell,icogdell1r@naver.com,Genderfluid,65.79.244.19,,
256234,Alix,Busk,abusk1s@netvibes.com,Female,,China,CN
772085,Ursola,Klima,uklima1t@arstechnica.com,Non-binary,237.139.114.107,China,CN
384244,Clareta,Maharey,cmaharey1u@youtu.be,,83.58.222.55,France,FR
635450,Marta,Yellowley,myellowley1v@dell.com,Genderqueer,164.191.221.9,Russia,RU
177625,,,,,,,
473533,Doria,Kennler,dkennler1x@wikipedia.org,Bigender,,,
722800,Carlie,Bretland,cbretland1y@europa.eu,Genderqueer,244.230.182.68,Brazil,BR
242500,Gerry,Slocom,gslocom1z@simplemachines.org,Polygender,,China,CN
340393,Sawyer,Onn,sonn20@princeton.edu,Male,170.35.139.119,United States,US
489744,Wylma,Missington,wmissington21@tuttocitta.it,Male,167.118.202.87,China,CN
941254,Dag,Densell,ddensell22@timesonline.co.uk,Genderfluid,240.108.79.200,China,CN
772243,,,,,20.29.169.224,China,CN
501703,Karoly,Seif,kseif24@admin.ch,Agender,,China,CN
982540,Dermot,Skirlin,dskirlin25@go.com,Bigender,190.218.91.236,China,CN
761058,Lanny,Peschke,lpeschke26@freewebs.com,Polygender,,China,CN
678706,Devan,Eadmeads,deadmeads27@mapquest.com,Bigender,,Russia,RU
917283,Aubert,Duigenan,aduigenan28@nature.com,Female,19.84.28.170,China,CN
753294,Vincenz,Crush,vcrush29@sogou.com,,,China,CN
559170,Mendel,Stolberg,mstolberg2a@dailymail.co.uk,Agender,36.99.37.89,China,CN
207639,Perl,Minchindon,pminchindon2b@earthlink.net,,51.215.249.212,,
226833,Nikki,Shavel,nshavel2c@tripadvisor.com,,211.3.217.219,China,CN
577938,,,,Polygender,189.78.167.240,,
558765,Angelico,Lightoller,alightoller2e@ycombinator.com,Genderfluid,,China,CN
306339,Joyce,Robiot,jrobiot2f@reference.com,Male,88.34.124.80,,
574129,Benyamin,Daton,bdaton2g@studiopress.com,,106.77.189.128,Brazil,BR
928384,Kristal,Brittlebank,kbrittlebank2h@samsung.com,Genderfluid,,United States,US
840950,,,,,,China,CN
874138,Cletus,Neary,cneary2j@hugedomains.com,Male,,Canada,CA
394573,Bonita,Gravatt,bgravatt2k@ft.com,Genderqueer,47.229.129.149,United States,US
722093,Moreen,Franzel,mfranzel2l@mashable.com,Female,166.46.109.201,Japan,JP
761585,Chrystal,Pudney,cpudney2m@gizmodo.com,Non-binary,154.111.107.213,Japan,JP
473035,Giselbert,Motherwell,gmotherwell2n@tinypic.com,Agender,194.53.204.190,Germany,DE
921298,,,,,88.184.184.248,,
873719,Dunstan,Nissle,dnissle2p@google.cn,Genderqueer,232.165.220.222,China,CN
371818,Jenifer,Shreenan,jshreenan2q@ftc.gov,Genderqueer,72.88.67.137,China,CN
145522,,,,Agender,63.175.11.202,,
348997,Janna,Ramirez,jramirez2s@youtu.be,,237.118.63.243,Brazil,BR
525316,Jeanie,Bouch,jbouch2t@google.fr,Non-binary,147.242.225.108,China,CN
285597,Melinde,Isselee,misselee2u@hugedomains.com,Bigender,177.251.42.164,China,CN
830991,Evie,Nimmo,enimmo2v@facebook.com,Female,6.227.104.53,Japan,JP
219863,Rafi,Petigrew,rpetigrew2w@nhs.uk,Female,36.185.209.155,China,CN
620887,Mathilde,Mackney,mmackney2x@symantec.com,Agender,159.244.132.52,,
455140,Peadar,Hedger,phedger2y@illinois.edu,Bigender,41.36.171.247,Japan,JP
737859,Kyrstin,Swaile,kswaile2z@cloudflare.com,Male,43.1.168.81,Russia,RU
891031,Barrie,Chevers,bchevers30@eventbrite.com,Genderfluid,185.117.243.35,China,CN
338480,Alfie,Barrar,abarrar31@cpanel.net,Bigender,25.4.150.97,Russia,RU
123443,Gherardo,Breadmore,gbreadmore32@hud.gov,Genderfluid,86.187.122.162,China,CN
219536,Trixie,Whitter,twhitter33@upenn.edu,Non-binary,247.125.170.88,China,CN
490235,Cthrine,Addie,caddie34@marketwatch.com,Agender,240.129.168.0,United States,US
858523,Zorina,Colson,zcolson35@blogtalkradio.com,Male,11.174.229.131,China,CN
110126,Mitchell,Shilliday,mshilliday36@nifty.com,Bigender,240.58.155.100,,
863997,Marcy,Frantzen,mfrantzen37@imgur.com,Non-binary,,,
567044,,,,Bigender,46.74.67.212,United States,US
132201,Rogerio,Pentercost,rpentercost39@hibu.com,Non-binary,79.144.135.158,China,CN
923124,Aldin,Birtonshaw,abirtonshaw3a@nsw.gov.au,Genderqueer,,China,CN
605059,Roosevelt,Fildes,rfildes3b@webnode.com,Bigender,140.74.183.108,France,FR
688903,Dottie,Eyckelbeck,deyckelbeck3c@hhs.gov,Genderfluid,,China,CN
917981,,,,Bigender,213.207.102.170,,
903237,Hadrian,Best,hbest3e@tinyurl.com,Non-binary,5.253.230.82,China,CN
792631,Oates,Pomroy,opomroy3f@github.com,Genderqueer,213.104.83.32,China,CN
610366,Valentina,Dearnaly,vdearnaly3g@ustream.tv,Polygender,,Russia,RU
590907,,,,Non-binary,147.112.243.35,China,CN
169240,Milissent,Woonton,mwoonton3i@bbb.org,Non-binary,241.14.247.164,Russia,RU
801037,Christoph,Whartonby,cwhartonby3j@slate.com,Genderqueer,173.158.42.198,China,CN
252559,Thomasina,Kleinhaut,tkleinhaut3k@ask.com,Polygender,50.171.17.140,China,CN
944177,Terri,Beacock,tbeacock3l@cnbc.com,Polygender,121.178.245.114,France,FR
457148,Lock,Coslitt,lcoslitt3m@who.int,Genderqueer,232.89.239.243,,
609812,Welch,Scarisbrick,wscarisbrick3n@si.edu,Female,,Brazil,BR
425696,Allister,Santostefano.,asantostefano3o@technorati.com,Genderfluid,,China,CN
540294,Kennett,Solway,ksolway3p@ted.com,Bigender,105.216.159.50,China,CN
959532,Marnie,Sagrott,msagrott3q@kickstarter.com,Agender,,Russia,RU
870140,Mechelle,Bardwell,mbardwell3r@nsw.gov.au,Genderqueer,22.14.197.73,United Kingdom,GB
659898,Ignacius,Evitt,ievitt3s@php.net,Bigender,,China,CN
898726,Jacques,McKeon,jmckeon3t@gmpg.org,Polygender,141.10.176.249,United Kingdom,GB
245657,Merissa,Hurich,mhurich3u@naver.com,Agender,199.136.173.59,Russia,RU
239072,Becky,Buxcey,bbuxcey3v@infoseek.co.jp,Male,,Russia,RU
635917,Evangelina,Janecki,ejanecki3w@storify.com,Female,172.243.120.206,Russia,RU
627043,Brew,Frammingham,bframmingham3x@state.gov,Genderfluid,30.55.138.228,China,CN
741952,Galen,Blackham,gblackham3y@hao123.com,Male,47.220.144.160,Russia,RU
381296,Clay,Hynard,chynard3z@ox.ac.uk,Female,19.89.152.208,,
414264,Fredra,Loren,floren40@stanford.edu,Genderfluid,143.27.84.77,,
750576,Kurtis,Gallally,kgallally41@usgs.gov,Female,,China,CN
123187,Hetti,Mepham,hmepham42@hostgator.com,Genderfluid,35.84.94.174,Brazil,BR
797339,Johnathon,Pisco,jpisco43@discuz.net,Polygender,253.138.4.203,Russia,RU
542495,Roley,Keeffe,rkeeffe44@google.nl,Agender,166.87.100.115,France,FR
475998,Marcelle,Cahani,mcahani45@ocn.ne.jp,Genderqueer,200.67.88.72,China,CN
151425,Stefania,Caltun,scaltun46@cbslocal.com,Agender,42.86.167.106,United States,US
304849,Mervin,Staniforth,mstaniforth47@earthlink.net,Agender,232.255.65.0,China,CN
803254,Johna,Capron,jcapron48@prweb.com,Non-binary,59.37.53.144,Canada,CA
370895,Demetris,Voyce,dvoyce49@cpanel.net,Genderqueer,87.158.203.135,,
572043,Kerr,Canniffe,kcanniffe4a@weibo.com,Non-binary,5.144.98.202,Russia,RU
914209,Valencia,Tonepohl,vtonepohl4b@homestead.com,,,,
825271,Innis,Oleszczak,ioleszczak4c@jimdo.com,Agender,31.196.136.80,United States,US
983277,,,,Female,17.10.238.135,France,FR
722430,Chelsie,Peaurt,cpeaurt4e@icio.us,Agender,,,
678669,Sallyann,Monan,smonan4f@tiny.cc,Polygender,98.67.117.191,Russia,RU
304153,Codie,Boxall,cboxall4g@nba.com,Non-binary,226.177.39.109,Russia,RU
148118,Boothe,Marfield,bmarfield4h@yellowpages.com,Agender,0.138.13.38,China,CN
313080,Mame,Hauch,mhauch4i@tinypic.com,Agender,178.253.62.82,China,CN
663321,Chery,Hrycek,chrycek4j@godaddy.com,Bigender,233.138.222.163,China,CN
712310,,,,Non-binary,149.204.232.27,China,CN
585977,Bessie,Keeves,bkeeves4l@google.cn,Polygender,173.100.79.177,China,CN
952929,Milena,Lindgren,mlindgren4m@google.es,Genderqueer,,China,CN
412324,Sarena,Thompson,sthompson4n@oaic.gov.au,Male,245.159.234.213,China,CN
420893,Margalo,Wiles,mwiles4o@instagram.com,Genderqueer,21.231.164.32,Japan,JP
442593,Justina,Pucknell,jpucknell4p@amazon.co.uk,Agender,164.215.132.71,China,CN
188537,Jerome,Trimby,jtrimby4q@mozilla.org,Bigender,49.236.26.75,Russia,RU
466832,Teodoor,Shellcross,tshellcross4r@examiner.com,Non-binary,82.135.72.86,China,CN
604979,Skell,Boddis,sboddis4s@unesco.org,Genderfluid,32.249.252.78,Japan,JP
392396,Barbabra,Coyle,bcoyle4t@trellian.com,Female,119.111.248.198,Japan,JP
139288,,,,Bigender,,,
931710,Norine,Prestie,nprestie4v@sciencedirect.com,Genderfluid,104.116.121.227,China,CN
373039,Hugh,Putman,hputman4w@latimes.com,Female,131.101.160.9,Russia,RU
732735,,,,Male,110.215.66.29,China,CN
602948,Janela,Oliva,joliva4y@ted.com,Male,,,
632046,Pearle,Thirlwall,pthirlwall4z@webmd.com,Polygender,13.240.94.103,China,CN
352663,Zorah,Callinan,zcallinan50@wp.com,Agender,56.169.47.113,,
206426,Melitta,Reek,mreek51@elegantthemes.com,,,China,CN
166525,Jennette,Kuban,jkuban52@msu.edu,,29.89.35.173,Russia,RU
623755,,,,,17.130.200.188,Japan,JP
805511,Kristel,Lornsen,klornsen54@army.mil,Female,184.126.69.99,Australia,AU
717806,Nixie,Johnston,njohnston55@whitehouse.gov,Bigender,63.29.246.173,,
863723,,,,Male,,China,CN
897058,Aili,Cornford,acornford57@quantcast.com,,196.138.78.191,China,CN
303405,Lanny,Coopman,lcoopman58@chicagotribune.com,Male,,China,CN
922106,Kristy,Swarbrigg,kswarbrigg59@bing.com,Polygender,149.254.246.142,,
169590,Smitty,Reijmers,sreijmers5a@odnoklassniki.ru,,25.72.179.27,China,CN
274929,Midge,Cobby,mcobby5b@bigcartel.com,,107.14.150.153,,
420693,Blanche,Light,blight5c@tiny.cc,Genderqueer,40.121.164.123,China,CN
126113,Kliment,Lemary,klemary5d@independent.co.uk,,,China,CN
782478,Elroy,Grabiec,egrabiec5e@army.mil,Agender,,United States,US
171337,Donica,Parmiter,dparmiter5f@odnoklassniki.ru,Genderfluid,,China,CN
695324,Elwyn,Stapley,estapley5g@pcworld.com,Polygender,17.105.29.15,Russia,RU
976375,Benedetta,Waterman,bwaterman5h@odnoklassniki.ru,Male,,,
363078,Dalton,Laffoley-Lane,dlaffoleylane5i@businessweek.com,Bigender,,,
136596,Rustin,Howood,rhowood5j@booking.com,Bigender,,China,CN
489390,Clari,Patriche,cpatriche5k@godaddy.com,,63.24.8.39,Brazil,BR
240804,Simone,Longcaster,slongcaster5l@illinois.edu,Non-binary,,Japan,JP
419498,Neron,Knevet,nknevet5m@storify.com,Genderfluid,46.117.159.0,China,CN
379190,Elia,Perritt,eperritt5n@tiny.cc,Bigender,,France,FR
426004,Kit,McCarter,kmccarter5o@dot.gov,,,China,CN
399360,,,,Female,221.66.205.5,Japan,JP
260034,Edwina,Boast,eboast5q@admin.ch,Genderqueer,,,
734698,Guillermo,Rudinger,grudinger5r@bandcamp.com,Male,31.89.24.105,China,CN
342472,Row,Minard,rminard5s@miitbeian.gov.cn,Bigender,,China,CN
205615,Rog,Jojic,rjojic5t@mlb.com,Female,228.235.140.78,China,CN
959524,Neall,Screen,nscreen5u@yelp.com,Agender,171.49.235.187,United States,US
213600,,,,Genderqueer,144.27.18.77,China,CN
796243,,,,Male,146.95.198.193,,
907816,Veradis,Tomankowski,vtomankowski5x@ezinearticles.com,Non-binary,26.233.124.67,,
783275,Alberta,Windram,awindram5y@ning.com,Polygender,90.45.200.48,France,FR
885641,,,,Genderfluid,59.119.223.99,China,CN
379909,Burke,Kilday,bkilday60@hostgator.com,,45.117.211.205,United States,US
394987,Devland,Gowrich,dgowrich61@dedecms.com,Non-binary,,Russia,RU
543918,Lina,McGraith,lmcgraith62@merriam-webster.com,Agender,124.218.95.253,Canada,CA
826460,Padraic,Cannop,pcannop63@omniture.com,Bigender,3.235.161.127,Russia,RU
357644,Hanson,Mannix,hmannix64@i2i.jp,Genderfluid,204.207.228.224,Canada,CA
481691,Blinnie,Leaney,bleaney65@technorati.com,Non-binary,,China,CN
308028,Ophelia,Tamblingson,otamblingson66@is.gd,Agender,145.232.32.2,United States,US
411278,Darrel,Cota,dcota67@linkedin.com,Genderfluid,88.213.127.128,China,CN
602830,Christoph,Najara,cnajara68@nih.gov,Male,243.252.235.243,,
339414,Peyter,Mohamed,pmohamed69@census.gov,Polygender,,Mexico,MX
135212,Hollis,Baudet,hbaudet6a@phoca.cz,Genderqueer,0.125.145.28,Japan,JP
369045,Stefan,Braksper,sbraksper6b@flickr.com,Genderfluid,203.65.60.112,China,CN
688647,Garrick,Giraudot,ggiraudot6c@oracle.com,Genderfluid,16.199.178.245,,
671894,Amerigo,Roxbrough,aroxbrough6d@devhub.com,Genderfluid,,China,CN
338054,Cherida,Fawcus,cfawcus6e@rambler.ru,Genderqueer,77.40.133.74,China,CN
561064,Bryce,Mompesson,bmompesson6f@theglobeandmail.com,,171.34.209.41,China,CN
264259,Arden,Southwell,asouthwell6g@usatoday.com,,46.82.244.204,France,FR
956999,Jacquelin,Mityashev,jmityashev6h@gmpg.org,,111.194.52.114,,
700614,Emmalyn,Addlestone,eaddlestone6i@hhs.gov,Female,82.253.141.57,China,CN
560861,Nataline,Ellington,nellington6j@yahoo.com,Genderfluid,,Russia,RU
298972,Tasia,Weeke,tweeke6k@marketwatch.com,Female,,Russia,RU
298902,Murdock,Cleatherow,mcleatherow6l@ucsd.edu,Non-binary,77.104.178.103,Brazil,BR
606503,Torre,Domenichini,tdomenichini6m@behance.net,Male,152.120.243.101,,
592857,Roth,Cawte,rcawte6n@marketwatch.com,Non-binary,212.45.215.79,China,CN
660703,Arlan,Capeloff,acapeloff6o@dell.com,Non-binary,15.222.137.148,China,CN
504395,Wait,Oatley,woatley6p@amazon.co.uk,,213.249.24.56,France,FR
357458,Delaney,Margrie,dmargrie6q@1und1.de,Male,,China,CN
821751,Dermot,Atyea,datyea6r@ocn.ne.jp,Polygender,209.134.45.49,China,CN
140907,Gawain,Throssell,gthrossell6s@cnbc.com,Bigender,79.124.200.90,China,CN
342764,Crissie,Haggarth,chaggarth6t@example.com,Non-binary,175.70.47.160,Brazil,BR
130798,Tana,Kettle,tkettle6u@chronoengine.com,Non-binary,237.64.246.16,,
477492,,,,Male,27.208.249.93,Russia,RU
603219,Woodie,Flynn,wflynn6w@cdc.gov,Non-binary,17.63.5.251,France,FR
400048,Ronica,Ashbrook,rashbrook6x@moonfruit.com,Genderqueer,170.170.243.75,United States,US
429296,Annaliese,Van Der Straaten,avanderstraaten6y@mediafire.com,Genderfluid,104.214.246.76,United States,US
512806,Jamison,McCrackem,jmccrackem6z@tripod.com,Female,38.134.234.126,China,CN
240898,Meris,Dubble,mdubble70@noaa.gov,Polygender,,Russia,RU
522426,Lew,Bootell,lbootell71@plala.or.jp,Male,124.114.16.30,,
219263,Carlo,Ruddom,cruddom72@paypal.com,,,China,CN
672803,Oliviero,Vorley,ovorley73@xing.com,Genderqueer,21.49.204.167,China,CN
135752,Loralie,Tapner,ltapner74@123-reg.co.uk,Non-binary,206.12.10.208,Brazil,BR
967035,,,,,,France,FR
760366,Claire,Canavan,ccanavan76@mediafire.com,Genderqueer,243.141.1.130,China,CN
562731,Claresta,De Mattei,cdemattei77@goo.ne.jp,Non-binary,186.155.143.45,China,CN
451608,Julita,Skehan,jskehan78@ebay.com,Non-binary,,China,CN
289980,Cary,Dressel,cdressel79@dmoz.org,,106.141.81.226,,
626242,Vaughan,Kittiman,vkittiman7a@opensource.org,Male,,Russia,RU
490225,Morie,Ervin,mervin7b@slideshare.net,Genderqueer,,Russia,RU
202847,Quinton,Knotte,qknotte7c@census.gov,,155.103.103.61,Brazil,BR
134033,Bradly,Milam,bmilam7d@dropbox.com,Agender,145.50.31.11,France,FR
822766,Mariana,Burnel,mburnel7e@senate.gov,Genderqueer,212.1.28.138,United States,US
619091,Cindelyn,Alleburton,calleburton7f@tumblr.com,Non-binary,62.245.195.11,China,CN
368190,Lilli,Paulich,lpaulich7g@blogspot.com,,6.145.190.46,,
471441,,,,Male,226.147.28.210,China,CN
504501,Mahmud,McFater,mmcfater7i@technorati.com,Bigender,240.199.125.216,China,CN
764424,Demetra,Desmond,ddesmond7j@bigcartel.com,Male,39.13.41.189,Russia,RU
921280,Goober,O'Glassane,goglassane7k@thetimes.co.uk,Non-binary,,Russia,RU
561305,Sindee,Vedeshkin,svedeshkin7l@examiner.com,,232.145.30.49,China,CN
972989,Tommie,Roome,troome7m@barnesandnoble.com,Bigender,,China,CN
510034,Samaria,Dutnell,sdutnell7n@last.fm,Polygender,,China,CN
866646,Wren,Schanke,wschanke7o@chicagotribune.com,Female,1.147.144.16,,
351928,Kristina,Manneville,kmanneville7p@networkadvertising.org,Polygender,37.64.127.30,,
741000,Eimile,Warrior,ewarrior7q@creativecommons.org,Male,95.233.33.155,France,FR
609372,Percival,Tilio,ptilio7r@nsw.gov.au,Male,,China,CN
438231,Cacilia,Conwell,cconwell7s@guardian.co.uk,Genderqueer,,China,CN
167054,Camile,Dummigan,cdummigan7t@ted.com,Non-binary,,China,CN
559691,,,,Polygender,,Russia,RU
182284,Leia,Muzzullo,lmuzzullo7v@yellowpages.com,Non-binary,102.77.74.133,Brazil,BR
673989,Milo,Jouanot,mjouanot7w@elpais.com,Male,,China,CN
372369,Gladys,Downes,gdownes7x@vkontakte.ru,,56.195.91.239,,
969268,Gabriello,Monnery,gmonnery7y@buzzfeed.com,Agender,40.199.218.194,,
731192,Gabi,Barthod,gbarthod7z@census.gov,,91.5.74.199,China,CN
639801,Lew,Blazewicz,lblazewicz80@senate.gov,Non-binary,,China,CN
695734,Evita,Lebbern,elebbern81@aol.com,Male,,,
778079,Gwenora,Gregol,ggregol82@mapquest.com,Agender,239.230.124.133,Russia,RU
884365,,,,,,China,CN
357557,,,,Male,180.58.79.122,Russia,RU
629590,Freda,Dahmel,fdahmel85@hugedomains.com,Male,94.94.57.239,China,CN
712887,Garnette,Caulton,gcaulton86@intel.com,Genderfluid,5.64.109.65,Japan,JP
278468,Arv,Greet,agreet87@nba.com,Polygender,202.6.74.21,,
772002,Wright,Redfield,wredfield88@msu.edu,Non-binary,75.76.234.208,France,FR
988807,,,,Female,0.52.84.44,Russia,RU
816707,Shandy,Reder,sreder8a@digg.com,,88.200.31.23,Russia,RU
614718,Zorana,Riep,zriep8b@printfriendly.com,Genderfluid,112.173.140.32,United States,US
799807,Ernst,Jurek,ejurek8c@aboutads.info,Agender,,Italy,IT
838516,Porty,Biever,pbiever8d@nbcnews.com,Bigender,119.87.173.164,France,FR
953386,Vivyan,Plowes,vplowes8e@digg.com,Female,236.139.134.223,China,CN
374331,Mariska,Kassel,mkassel8f@state.gov,Non-binary,,Italy,IT
525346,Calida,Swanston,cswanston8g@1688.com,Male,,,
317026,Jill,Whitechurch,jwhitechurch8h@howstuffworks.com,Female,38.131.135.176,Russia,RU
250537,Rolando,Bantham,rbantham8i@squidoo.com,Male,54.168.75.222,China,CN
178049,,,,Genderfluid,143.118.78.69,United States,US
581456,Millisent,Fantham,mfantham8k@ocn.ne.jp,Polygender,213.136.177.84,France,FR
779205,Randene,Stockton,rstockton8l@hugedomains.com,,,Russia,RU
469442,Bradly,Sucre,bsucre8m@mlb.com,,230.159.53.233,China,CN
174309,Marve,Skeels,mskeels8n@mit.edu,Agender,195.240.59.214,Mexico,MX
653381,Codi,Lasseter,classeter8o@yellowpages.com,Agender,,Japan,JP
310397,Cheryl,Thames,cthames8p@csmonitor.com,,213.100.57.135,Russia,RU
973088,Selene,Zannutti,szannutti8q@ted.com,Bigender,,Russia,RU
522408,Melinda,Magenny,mmagenny8r@furl.net,Non-binary,61.187.126.99,Russia,RU
228469,Marietta,Falla,mfalla8s@go.com,Female,30.212.10.77,Russia,RU
859046,Bertrand,Fayer,bfayer8t@msu.edu,Agender,,Brazil,BR
840469,Terri,Tutill,ttutill8u@360.cn,Male,184.97.188.205,China,CN
307946,Tallou,Goding,tgoding8v@infoseek.co.jp,Genderqueer,,,
439476,Arron,Guyonnet,aguyonnet8w@zimbio.com,Agender,,United States,US
107228,Editha,Melbourne,emelbourne8x@paginegialle.it,Female,,Brazil,BR
251744,Bayard,Kibbey,bkibbey8y@answers.com,Polygender,217.52.136.156,China,CN
376906,Mickie,Head,mhead8z@simplemachines.org,Bigender,210.232.107.14,United States,US
666472,Sampson,Reignard,sreignard90@ebay.co.uk,,,Russia,RU
245748,Kent,Tute,ktute91@google.es,Polygender,,China,CN
457141,Friedrich,Seiller,fseiller92@a8.net,Polygender,189.70.39.180,United States,US
897446,Leonid,Heisman,lheisman93@shareasale.com,Agender,,Russia,RU
527940,Tandy,Greatex,tgreatex94@reference.com,Bigender,,China,CN
761290,Romola,Soggee,rsoggee95@oracle.com,Polygender,28.160.169.26,China,CN
875048,Ced,Schukert,cschukert96@bloglovin.com,Male,232.243.186.162,China,CN
835879,,,,Bigender,,China,CN
251593,Junette,Sarfass,jsarfass98@feedburner.com,Polygender,122.192.222.4,Russia,RU
440161,Donna,Rouchy,drouchy99@list-manage.com,,182.13.103.174,China,CN
672127,Olivier,Hadigate,ohadigate9a@so-net.ne.jp,Genderfluid,,,
189827,,,,Agender,18.95.204.20,Brazil,BR
207279,,,,Genderqueer,,,
805948,Boyd,Farley,bfarley9d@home.pl,Bigender,183.241.136.24,,
191479,Marybeth,Shillito,mshillito9e@google.cn,Non-binary,84.152.77.162,,
447588,Tasia,Lammin,tlammin9f@drupal.org,Bigender,79.0.244.188,,
322298,Loy,Ovitts,lovitts9g@devhub.com,Genderfluid,247.25.58.84,China,CN
545208,Sarajane,Lilleman,slilleman9h@moonfruit.com,Agender,54.156.48.115,China,CN
231425,Pammy,Smiley,psmiley9i@domainmarket.com,Female,,,
431356,Hayden,Stych,hstych9j@seattletimes.com,Male,159.108.68.158,Brazil,BR
153931,Tobit,Pauer,tpauer9k@amazon.co.jp,Female,165.181.42.108,China,CN
980560,Bale,Crocumbe,bcrocumbe9l@nbcnews.com,Agender,147.77.189.169,Russia,RU
300699,Parke,Botcherby,pbotcherby9m@a8.net,Female,217.105.99.217,,
136656,,,,Bigender,178.25.138.88,China,CN
191071,Maryjane,Leek,mleek9o@hexun.com,Genderqueer,,China,CN
810521,Stephenie,Swanbourne,sswanbourne9p@blogger.com,,150.227.248.210,,
302692,Hurley,Kahane,hkahane9q@rediff.com,Genderqueer,,Russia,RU
132171,Dierdre,Weyman,dweyman9r@google.com.br,Agender,214.204.90.184,Russia,RU
470592,,,,,146.197.230.115,China,CN
167336,Upton,Behling,ubehling9t@blog.com,Polygender,20.24.215.69,China,CN
476097,Tristam,De Blase,tdeblase9u@tripadvisor.com,Non-binary,124.57.161.7,Mexico,MX
768256,Nikkie,Paskell,npaskell9v@wikimedia.org,Agender,243.129.56.164,Russia,RU
586467,,,,Genderfluid,5.178.18.40,United States,US
454294,Amalie,Bristow,abristow9x@dmoz.org,Female,54.55.138.128,France,FR
237760,Lek,Kielt,lkielt9y@jiathis.com,Polygender,79.82.155.64,China,CN
860714,Mirabelle,Staite,mstaite9z@prnewswire.com,Female,81.204.236.232,,
606547,Benson,Hazeltine,bhazeltinea0@mapy.cz,Non-binary,46.175.116.45,Japan,JP
400111,Shelley,Halden,shaldena1@edublogs.org,Male,89.196.120.244,,
236974,Esmaria,Shawell,eshawella2@trellian.com,Bigender,155.247.151.1,Canada,CA
169054,Betteann,Lerego,bleregoa3@posterous.com,Genderfluid,,Canada,CA
660015,Yvon,Kinningley,ykinningleya4@networkadvertising.org,,140.113.220.185,Canada,CA
431649,Tripp,Athy,tathya5@yellowpages.com,Non-binary,,Japan,JP
992898,,,,Genderfluid,42.86.243.63,,
380878,Ulric,Kesteven,ukestevena7@twitpic.com,Genderfluid,146.193.246.126,China,CN
599054,Tamiko,Pooly,tpoolya8@odnoklassniki.ru,Agender,61.112.179.61,France,FR
357073,Iago,Tancock,itancocka9@t.co,,228.209.21.133,China,CN
767419,Shel,Neath,sneathaa@baidu.com,Bigender,39.32.177.128,Brazil,BR
873341,Lillian,Quakley,lquakleyab@irs.gov,Male,222.202.234.138,Russia,RU
866166,Zorine,Devas,zdevasac@networksolutions.com,Bigender,,,
157689,Holden,Organer,horganerad@geocities.jp,Male,,,
869963,,,,Polygender,,,
732036,Orv,Gegay,ogegayaf@addthis.com,Non-binary,,Canada,CA
986857,Piggy,Blackaller,pblackallerag@pen.io,,158.196.208.252,Brazil,BR
346663,Antonina,Breadon,abreadonah@illinois.edu,,102.151.136.34,,
145189,Curry,Celes,ccelesai@blinklist.com,,243.17.20.193,,
289442,Lief,Gorce,lgorceaj@mac.com,Genderqueer,174.227.141.206,Russia,RU
252049,William,Edmott,wedmottak@google.cn,Non-binary,172.122.86.223,,
659483,Cyndie,Minnette,cminnetteal@infoseek.co.jp,Genderfluid,,China,CN
557176,Stephana,Rumming,srummingam@senate.gov,Genderqueer,130.197.165.214,China,CN
341985,Prudy,Halmkin,phalmkinan@bbc.co.uk,Agender,,United States,US
839223,Sarine,Abella,sabellaao@nifty.com,Bigender,9.139.244.237,,
944300,,,,Genderfluid,115.55.198.94,China,CN
358836,Keir,Dedenham,kdedenhamaq@twitpic.com,Non-binary,151.213.41.222,,
186479,Kelcey,Belison,kbelisonar@seattletimes.com,Polygender,32.192.105.126,,
662899,Riordan,McRae,rmcraeas@nih.gov,Genderqueer,8.203.196.33,China,CN
279581,Jada,Pawel,jpawelat@wired.com,Non-binary,75.87.198.228,,
849554,Yard,Dreakin,ydreakinau@ask.com,Genderqueer,96.231.133.163,France,FR
408354,Madeline,Darnell,mdarnellav@360.cn,Non-binary,187.72.235.147,China,CN
734255,Gilburt,Rembrandt,grembrandtaw@sina.com.cn,Bigender,,China,CN
403009,Silas,Abrahm,sabrahmax@moonfruit.com,Bigender,9.64.226.151,,
873043,Tull,Chippendale,tchippendaleay@typepad.com,Bigender,,,
984947,Clarey,Grix,cgrixaz@umn.edu,Female,118.106.105.186,,
330414,Harriett,Frayling,hfraylingb0@creativecommons.org,Genderfluid,22.45.78.49,China,CN
437725,Betti,Jedraszczyk,bjedraszczykb1@over-blog.com,Female,,China,CN
764669,Giralda,O'Crigane,gocriganeb2@umich.edu,Male,82.248.33.95,Russia,RU
943325,Adel,Woodruffe,awoodruffeb3@1und1.de,Bigender,,China,CN
476463,Darbee,Spurway,dspurwayb4@indiegogo.com,Genderqueer,,Russia,RU
988616,Rois,Eddowis,reddowisb5@artisteer.com,Non-binary,37.157.74.168,China,CN
260470,Alvan,Sidebottom,asidebottomb6@list-manage.com,,,,
213843,Broderick,Mintoff,bmintoffb7@aboutads.info,Bigender,167.165.129.4,,
885183,Gabriele,Oldam,goldamb8@engadget.com,Female,190.152.93.172,,
221923,Gunner,Broomer,gbroomerb9@latimes.com,Agender,65.228.246.245,,
652835,Amie,Cosin,acosinba@patch.com,Polygender,,China,CN
882088,Doralin,Keasey,dkeaseybb@ibm.com,Polygender,254.121.176.184,Brazil,BR
604968,Graeme,Kwietak,gkwietakbc@wp.com,Genderfluid,,China,CN
654800,Clareta,Benford,cbenfordbd@wikimedia.org,Genderqueer,246.241.184.101,China,CN
259598,Peter,Dalby,pdalbybe@opensource.org,Non-binary,0.72.90.3,,
162965,Nan,Decaze,ndecazebf@imageshack.us,Polygender,206.82.188.91,China,CN
709171,Barbey,Walster,bwalsterbg@ning.com,Genderfluid,,China,CN
152310,,,,Non-binary,,Brazil,BR
746107,Otto,Falkner,ofalknerbi@paypal.com,Polygender,54.21.206.77,France,FR
761646,,,,,182.161.217.192,China,CN
608863,,,,Female,76.28.65.134,United States,US
235262,Penny,Roizn,proiznbl@lulu.com,Male,,Brazil,BR
775543,Carlen,Volett,cvolettbm@forbes.com,,,China,CN
569086,Laughton,Albert,lalbertbn@slashdot.org,Female,,China,CN
980718,Gian,Whitechurch,gwhitechurchbo@house.gov,Genderfluid,,China,CN
458883,Maynard,Barnett,mbarnettbp@hhs.gov,Bigender,240.64.216.14,China,CN
636373,Ardenia,Radloff,aradloffbq@360.cn,,172.211.183.246,Brazil,BR
402483,Atalanta,Manuel,amanuelbr@examiner.com,Genderfluid,,China,CN
335171,Juline,Gladeche,jgladechebs@dailymotion.com,Genderfluid,115.22.210.238,China,CN
782744,,,,,36.35.248.56,China,CN
350168,Wilton,Shanley,wshanleybu@goo.ne.jp,Genderqueer,,Brazil,BR
234254,Mignon,Tims,mtimsbv@patch.com,Agender,,,
781111,Salmon,Moppett,smoppettbw@fastcompany.com,Non-binary,214.110.241.82,,
241457,Carmel,Gunthorpe,cgunthorpebx@msu.edu,Bigender,100.222.63.206,Brazil,BR
690829,Alica,Gilbanks,agilbanksby@unicef.org,Agender,,Brazil,BR
387853,,,,Polygender,,Russia,RU
202500,Fiorenze,Penhalurick,fpenhalurickc0@patch.com,Female,148.216.247.79,Russia,RU
622397,Shelli,Haggata,shaggatac1@huffingtonpost.com,Female,,United States,US
252791,Andi,Deans,adeansc2@seattletimes.com,Polygender,,Brazil,BR
778976,Hally,Quimby,hquimbyc3@mapy.cz,Genderfluid,,China,CN
598540,Carlen,Shakesby,cshakesbyc4@wiley.com,Agender,,China,CN
498491,Jarvis,Kinnock,jkinnockc5@walmart.com,Agender,,Russia,RU
964625,Hendrika,Monni,hmonnic6@flickr.com,Bigender,114.199.209.164,United States,US
398081,Georas,Tythacott,gtythacottc7@photobucket.com,Genderqueer,155.55.27.191,Brazil,BR
667560,Allene,Broadbury,abroadburyc8@jimdo.com,Female,,,
433722,Hube,Corry,hcorryc9@dailymail.co.uk,Male,,United States,US
202435,Buddy,Wyke,bwykeca@tmall.com,Female,158.161.177.31,Mexico,MX
408525,,,,Polygender,33.215.106.186,,
409403,Curtice,Breslin,cbreslincc@auda.org.au,Male,,China,CN
231589,,,,Non-binary,39.87.43.99,,
592491,Caterina,Emps,cempsce@ifeng.com,Female,,China,CN
847177,Bev,Doak,bdoakcf@xrea.com,Female,22.164.51.229,China,CN
670054,Adelaida,Woffenden,awoffendencg@exblog.jp,Agender,247.88.32.79,China,CN
537060,,,,Bigender,250.158.116.245,China,CN
547414,Tansy,D'Souza,tdsouzaci@example.com,Female,144.83.140.181,Russia,RU
452279,Taylor,Godbert,tgodbertcj@sourceforge.net,Non-binary,30.107.207.162,Russia,RU
940375,,,,Female,127.227.251.230,China,CN
603175,Audrie,Moberley,amoberleycl@reverbnation.com,Female,105.160.216.164,Japan,JP
656701,Carlos,Christaeas,cchristaeascm@amazonaws.com,Agender,123.186.152.148,Russia,RU
140946,Starla,MacEveley,smaceveleycn@opensource.org,Female,,China,CN
452841,Griz,Back,gbackco@tinypic.com,Polygender,51.110.230.16,China,CN
934995,Dorrie,Awdry,dawdrycp@blogtalkradio.com,Agender,77.131.144.161,China,CN
193691,Henrietta,Liversage,hliversagecq@pcworld.com,Genderfluid,,France,FR
865728,Bram,Blizard,bblizardcr@hc360.com,Male,145.226.93.168,China,CN
929674,Cinderella,Davidoff,cdavidoffcs@phoca.cz,Agender,,Mexico,MX
832044,Brock,Rose,brosect@cargocollective.com,Male,104.78.75.188,,
328958,Asia,Isitt,aisittcu@fastcompany.com,Female,166.22.67.64,China,CN
367974,Lon,Sturgis,lsturgiscv@ucoz.com,Agender,171.250.205.84,China,CN
222091,Gothart,Darke,gdarkecw@cbslocal.com,Genderfluid,180.73.170.130,China,CN
533401,Georgiana,Casswell,gcasswellcx@ow.ly,Male,203.87.95.173,Russia,RU
987872,,,,Male,178.219.173.106,Russia,RU
689291,Lorne,Josupeit,ljosupeitcz@xinhuanet.com,Agender,,Russia,RU
722274,,,,Female,170.70.11.47,Russia,RU
164416,Tiebout,Greer,tgreerd1@theguardian.com,Agender,191.70.243.230,,
201344,Lowell,Matic,lmaticd2@harvard.edu,Genderqueer,13.92.154.220,,
389423,,,,Male,,China,CN
204261,Margarette,Forstall,mforstalld4@amazon.com,Genderqueer,109.144.94.204,Russia,RU
871077,Sheffie,Antoinet,santoinetd5@uol.com.br,Genderqueer,178.85.201.237,China,CN
194123,Lindie,Itzchaki,litzchakid6@springer.com,Polygender,,,
766772,,,,Agender,,China,CN
557234,Verine,Clacson,vclacsond8@github.com,Bigender,32.234.123.13,France,FR
888499,Zelda,Rayworth,zrayworthd9@mozilla.com,Non-binary,108.234.146.81,China,CN
266325,Jemie,Boyde,jboydeda@disqus.com,Female,113.68.134.122,,
893193,Jeralee,Schusterl,jschusterldb@hostgator.com,Male,,United States,US
776192,Raf,Ourtic,rourticdc@ucla.edu,Male,240.7.69.88,Brazil,BR
504454,Verna,Prudham,vprudhamdd@icq.com,Polygender,38.173.219.31,United States,US
932946,Israel,Deverille,ideverillede@vimeo.com,Female,,Russia,RU
429193,Gale,Swine,gswinedf@ox.ac.uk,,,Russia,RU
231032,Rosy,Dorney,rdorneydg@state.gov,Agender,,,
197439,Mirabelle,Hofner,mhofnerdh@meetup.com,Bigender,217.192.192.53,China,CN
783224,Karalynn,Van Salzberger,kvansalzbergerdi@yellowpages.com,Bigender,25.183.122.184,China,CN
903387,Laureen,Davidi,ldavididj@goo.gl,Bigender,171.8.31.136,China,CN
727616,Briney,Hitschke,bhitschkedk@bbc.co.uk,,,,
977475,,,,Polygender,159.58.102.151,France,FR
283059,Rutherford,Ribou,rriboudm@goo.ne.jp,,71.222.223.71,Russia,RU
858851,Arel,Llorente,allorentedn@kickstarter.com,Male,52.79.115.160,Russia,RU
179993,Aldous,Cleve,aclevedo@msn.com,Agender,105.152.181.108,Brazil,BR
259748,Murielle,Simonds,msimondsdp@ehow.com,Polygender,33.5.123.223,,
809482,Julius,Lipprose,jlipprosedq@cpanel.net,,136.80.194.176,Russia,RU
207490,,,,Non-binary,73.157.62.219,China,CN
974578,Arlen,Doleman,adolemands@wired.com,Female,,Japan,JP
209265,Rubi,Hulles,rhullesdt@nydailynews.com,Agender,,China,CN
850819,Isidor,Glennie,iglenniedu@com.com,Agender,41.175.184.51,Russia,RU
901603,,,,Polygender,42.15.90.51,,
781328,Jere,Canty,jcantydw@reverbnation.com,Polygender,72.98.238.113,,
767500,Edd,Aleksandrev,ealeksandrevdx@seattletimes.com,Genderqueer,237.34.1.71,China,CN
794184,Bren,Rydings,brydingsdy@ning.com,Agender,,China,CN
402661,Lauren,Voaden,lvoadendz@icio.us,Agender,207.31.53.90,Russia,RU
253887,Anthia,Pressman,apressmane0@utexas.edu,Female,37.178.138.234,China,CN
300647,Kriste,Bolden,kboldene1@eventbrite.com,Non-binary,,,
966223,Shem,Halden,shaldene2@unc.edu,Polygender,249.196.107.253,,
855025,Elyn,McLarens,emclarense3@toplist.cz,Polygender,57.101.194.63,China,CN
106437,Darla,Coldwell,dcoldwelle4@blinklist.com,Male,29.179.92.103,China,CN
326797,Janine,Lingner,jlingnere5@theglobeandmail.com,,21.176.37.34,,
827806,Analise,Britto,abrittoe6@angelfire.com,Genderqueer,63.255.187.122,Japan,JP
798671,Shea,McCusker,smccuskere7@bigcartel.com,Genderfluid,12.52.2.71,Russia,RU
123424,Sydel,Donalson,sdonalsone8@fda.gov,Female,199.249.186.202,China,CN
434829,Eustace,Lafontaine,elafontainee9@squarespace.com,Bigender,232.4.103.24,France,FR
227188,,,,Agender,76.155.217.218,United States,US
997777,Glen,Sumption,gsumptioneb@patch.com,Non-binary,,China,CN
741247,Kelcie,Traite,ktraiteec@pbs.org,Male,,,
731030,Emelita,Rees,ereesed@exblog.jp,Agender,,Russia,RU
474797,Babette,Cromblehome,bcromblehomeee@google.it,Bigender,188.38.94.212,China,CN
856124,Ardella,Plaister,aplaisteref@webnode.com,Polygender,242.182.243.94,United States,US
141863,Kathi,Ilyinykh,kilyinykheg@list-manage.com,Male,236.141.16.220,China,CN
253823,Leontine,Belcher,lbelchereh@people.com.cn,Bigender,200.19.201.105,,
299038,,,,Genderfluid,133.249.36.96,Brazil,BR
914515,Brandy,Joscelyn,bjoscelynej@privacy.gov.au,Agender,244.250.233.213,China,CN
222433,Chevy,Thurlbeck,cthurlbeckek@ehow.com,Genderfluid,67.10.170.37,China,CN
122535,Janeen,Donohue,jdonohueel@yahoo.co.jp,Bigender,57.154.111.176,China,CN
111360,,,,Agender,62.67.191.224,Mexico,MX
809041,Marybelle,Zincke,mzinckeen@sohu.com,Genderfluid,61.200.163.52,United States,US
939225,,,,Female,46.170.169.57,China,CN
249583,L;urette,Ousbie,lousbieep@salon.com,,122.139.209.10,,
561169,Buddie,Tompkins,btompkinseq@mozilla.org,Genderfluid,214.127.91.103,China,CN
438490,Carola,Rounding,croundinger@amazonaws.com,,155.148.94.33,Russia,RU
318299,Orren,Dutchburn,odutchburnes@paginegialle.it,Female,,China,CN
469995,Tome,Mordey,tmordeyet@free.fr,Polygender,212.136.58.210,Brazil,BR
120798,Alphonso,Beaglehole,abeagleholeeu@vistaprint.com,Non-binary,236.123.200.84,United States,US
892695,Erik,Gallimore,egallimoreev@cpanel.net,Agender,121.174.145.216,China,CN
669269,,,,Male,170.216.89.182,Canada,CA
424348,Maury,Thick,mthickex@census.gov,Male,155.116.43.176,China,CN
426514,,,,Bigender,,China,CN
698368,Esta,Brattell,ebrattellez@japanpost.jp,,,France,FR
471315,,,,Bigender,,Russia,RU
493490,Christean,McDonell,cmcdonellf1@newyorker.com,,3.146.146.72,,
636070,Paco,Duthie,pduthief2@smugmug.com,Non-binary,23.203.255.108,China,CN
549463,,,,Male,,China,CN
624720,Deana,Morcomb,dmorcombf4@archive.org,Bigender,165.143.128.228,China,CN
975611,Wileen,Rewbottom,wrewbottomf5@theglobeandmail.com,,,China,CN
404125,Skell,Segar,ssegarf6@hubpages.com,Genderqueer,191.45.58.124,China,CN
860583,Rafa,Hryniewicki,rhryniewickif7@cornell.edu,,128.23.66.124,China,CN
843175,Rica,Rapinett,rrapinettf8@hao123.com,Genderqueer,114.117.253.117,Brazil,BR
438501,Malchy,Jiggen,mjiggenf9@pcworld.com,Polygender,23.17.28.221,Brazil,BR
541286,Ethelind,Spolton,espoltonfa@odnoklassniki.ru,Polygender,218.16.236.65,Russia,RU
612013,Giustina,Derx,gderxfb@hugedomains.com,Bigender,205.51.72.63,,
788611,Galina,Treneman,gtrenemanfc@japanpost.jp,,208.68.69.19,China,CN
196246,Cross,Backshell,cbackshellfd@europa.eu,Genderqueer,,United States,US
722541,Glen,Whitear,gwhitearfe@sakura.ne.jp,Male,68.7.68.133,Russia,RU
734987,Worden,Sawney,wsawneyff@weibo.com,,126.255.224.136,Brazil,BR
544212,Kipp,Vittet,kvittetfg@vkontakte.ru,Male,198.82.193.253,China,CN
115496,Jocelyn,Shipton,jshiptonfh@technorati.com,Non-binary,104.193.174.161,China,CN
533776,Layne,Ackrill,lackrillfi@parallels.com,,189.58.234.160,China,CN
435276,Hadlee,Tweedlie,htweedliefj@scribd.com,Male,177.40.169.91,China,CN
707806,Niall,Spencley,nspencleyfk@fastcompany.com,Genderfluid,154.234.0.209,Japan,JP
753541,Cullan,Bidnall,cbidnallfl@cnet.com,,213.164.226.180,Canada,CA
709398,Barbette,Biddulph,bbiddulphfm@si.edu,Genderqueer,201.8.179.214,United States,US
945708,Raine,Scurry,rscurryfn@usatoday.com,Genderfluid,212.146.211.218,,
331730,Dede,Usher,dusherfo@dell.com,Non-binary,221.111.108.155,China,CN
961614,Eugenia,Antrum,eantrumfp@etsy.com,Genderfluid,88.84.108.13,,
433455,Tommie,Ferreo,tferreofq@ow.ly,Bigender,20.17.71.164,China,CN
311793,Adair,Clare,aclarefr@google.pl,Male,154.244.245.179,,
984119,Rosanne,Vila,rvilafs@merriam-webster.com,Genderqueer,122.65.85.195,,
420269,Rosa,Loveless,rlovelessft@jugem.jp,Female,,China,CN
878582,Stefania,Linnell,slinnellfu@bloglovin.com,Bigender,175.219.99.251,China,CN
810155,Maximilian,Jolley,mjolleyfv@wikimedia.org,,235.52.216.158,Japan,JP
643194,Dick,Witherow,dwitherowfw@a8.net,Genderqueer,137.96.74.50,Japan,JP
213849,,,,Male,,,
248294,,,,Agender,38.255.52.147,China,CN
728260,,,,Genderfluid,,Brazil,BR
952580,Jarib,Crosher,jcrosherg0@businessinsider.com,Female,238.214.243.198,China,CN
201222,Klaus,Sidebotton,ksidebottong1@gizmodo.com,Polygender,60.63.44.42,Japan,JP
711683,,,,Non-binary,159.249.246.233,France,FR
894632,Georges,Dunning,gdunningg3@cnn.com,Non-binary,,France,FR
869621,,,,Non-binary,,,
505178,Jacinta,Conway,jconwayg5@bbb.org,Bigender,185.64.48.243,United States,US
862335,Ambrosio,Rennard,arennardg6@studiopress.com,Bigender,86.25.109.15,France,FR
108201,Lorie,Tarbin,ltarbing7@arstechnica.com,Non-binary,,China,CN
517218,Marisa,Milward,mmilwardg8@histats.com,Bigender,,China,CN
816270,Reggy,Delgua,rdelguag9@ibm.com,Bigender,249.85.248.37,China,CN
852860,Micheil,Trewman,mtrewmanga@cbslocal.com,Female,137.189.47.33,China,CN
776907,Nisse,Rimer,nrimergb@ibm.com,Female,77.57.183.225,United States,US
361459,Adelaida,Breslin,abreslingc@goo.gl,Polygender,80.92.200.192,,
242219,Bordie,Pactat,bpactatgd@e-recht24.de,Male,234.1.98.238,,
417416,Durand,Tointon,dtointonge@army.mil,Female,57.88.176.216,Canada,CA
482927,Ricca,Drabble,rdrabblegf@gov.uk,,,Mexico,MX
812270,Ally,Boyland,aboylandgg@t-online.de,Agender,175.160.74.98,China,CN
566504,,,,Male,159.77.80.216,United States,US
951349,Redd,Sautter,rsauttergi@state.tx.us,Male,,France,FR
834538,Jerrome,Duesbury,jduesburygj@unc.edu,Bigender,,China,CN
197568,Amelia,Koeppke,akoeppkegk@patch.com,Genderqueer,167.31.176.0,China,CN
515002,Gilbertine,Haselgrove,ghaselgrovegl@shinystat.com,Non-binary,103.179.242.89,Brazil,BR
790339,Kali,Prudence,kprudencegm@ycombinator.com,,84.21.157.85,China,CN
344363,Beatrix,McCoveney,bmccoveneygn@etsy.com,Non-binary,12.192.86.146,China,CN
654802,Amabel,Nemchinov,anemchinovgo@biglobe.ne.jp,Non-binary,,,
912252,Dyan,Doghartie,ddoghartiegp@multiply.com,Non-binary,173.78.51.243,Japan,JP
788911,Matteo,Pecha,mpechagq@theglobeandmail.com,Male,81.5.154.205,,
883218,Francesco,Karleman,fkarlemangr@sourceforge.net,Male,184.173.22.35,,
463509,Silvan,Gomersal,sgomersalgs@scribd.com,Female,208.254.42.191,China,CN
600941,Jacobo,Barenski,jbarenskigt@thetimes.co.uk,Female,123.8.236.108,China,CN
795855,,,,,235.11.133.44,United States,US
911781,Brynne,Cottey,bcotteygv@purevolume.com,Genderqueer,,Brazil,BR
349441,Odette,Willmetts,owillmettsgw@godaddy.com,Genderqueer,,China,CN
137891,Budd,Vicker,bvickergx@flavors.me,Polygender,,Canada,CA
848309,,,,Non-binary,0.178.35.138,China,CN
580971,Hurleigh,Southwood,hsouthwoodgz@domainmarket.com,Male,200.144.120.15,,
514568,Washington,Hawthorn,whawthornh0@ocn.ne.jp,Polygender,64.249.68.91,,
134573,,,,Male,,Canada,CA
677705,Tobye,Steeden,tsteedenh2@studiopress.com,Female,,United States,US
782166,Grant,Ferrotti,gferrottih3@psu.edu,Bigender,,United States,US
452805,Cora,Sugge,csuggeh4@sourceforge.net,Male,,,
116167,Jocelyne,Gisbourn,jgisbournh5@narod.ru,,212.23.204.213,,
566824,,,,,191.71.187.69,Mexico,MX
118735,Miltie,Cashin,mcashinh7@washington.edu,Genderfluid,121.102.96.144,China,CN
799521,Alberik,Whisson,awhissonh8@acquirethisname.com,Polygender,,China,CN
609392,Farlee,Rozec,frozech9@house.gov,Non-binary,29.99.124.205,France,FR
672449,Raeann,Gurdon,rgurdonha@shinystat.com,Agender,,China,CN
510145,,,,,204.187.57.95,Canada,CA
637825,Vassily,Cantopher,vcantopherhc@bizjournals.com,Non-binary,151.80.125.212,France,FR
209845,Loria,Priel,lprielhd@about.com,Agender,15.62.62.232,Brazil,BR
787459,Rik,Brunton,rbruntonhe@yolasite.com,Male,,China,CN
526953,,,,Female,,Russia,RU
625815,Warren,Cowles,wcowleshg@nba.com,Female,,,
218854,,,,Agender,28.111.112.198,China,CN
292150,Farlee,Pardey,fpardeyhi@etsy.com,Genderqueer,150.183.158.18,,
426527,Caldwell,McCard,cmccardhj@adobe.com,Polygender,154.190.176.117,China,CN
262485,Marion,Yeldham,myeldhamhk@godaddy.com,,141.33.132.248,Russia,RU
902261,Ax,Blanket,ablankethl@linkedin.com,,20.238.37.88,Russia,RU
689879,Chelsy,Traynor,ctraynorhm@state.tx.us,Genderqueer,181.3.19.203,China,CN
203774,Dorthy,Kentwell,dkentwellhn@stumbleupon.com,Agender,249.162.27.185,,
352461,Mela,Hartman,mhartmanho@typepad.com,,4.140.10.40,China,CN
585173,Sansone,Lisimore,slisimorehp@shutterfly.com,,,,
905548,Nona,Moir,nmoirhq@vinaora.com,Bigender,18.179.220.123,Japan,JP
637231,Skippie,Ball,sballhr@photobucket.com,Male,56.73.103.191,Mexico,MX
922784,Tootsie,Bartel,tbartelhs@rediff.com,Polygender,,United States,US
300015,Dreddy,Lippard,dlippardht@icio.us,Female,,,
485550,,,,Female,134.72.84.206,China,CN
534430,Ruperta,Lerway,rlerwayhv@netlog.com,Bigender,,Russia,RU
686054,Bonnee,Totton,btottonhw@mail.ru,,115.43.156.119,Germany,DE
235383,Benedick,Enrique,benriquehx@state.gov,Non-binary,48.107.247.41,China,CN
808948,Merna,Fey,mfeyhy@nps.gov,Polygender,,,
176936,Hilda,Simmins,hsimminshz@java.com,Non-binary,,China,CN
954231,Kameko,Illston,killstoni0@mtv.com,Polygender,89.161.190.98,Russia,RU
214387,Laura,De-Ville,ldevillei1@phoca.cz,Bigender,199.102.150.20,Russia,RU
372747,Junie,Everly,jeverlyi2@home.pl,Genderfluid,138.255.203.174,,
714891,Maurita,Clutterham,mclutterhami3@tinypic.com,,163.94.111.11,,
385395,Broddy,Fitt,bfitti4@china.com.cn,Polygender,,Japan,JP
659134,Devondra,Belitz,dbelitzi5@google.pl,Non-binary,87.250.94.56,France,FR
671216,Lezlie,Von Welden,lvonweldeni6@ihg.com,Polygender,137.35.197.255,China,CN
982504,Hanni,Matley,hmatleyi7@i2i.jp,Female,15.6.224.50,,
141941,Donelle,Deny,ddenyi8@domainmarket.com,Bigender,,China,CN
304901,,,,Agender,44.86.144.144,China,CN
390979,Ramon,Farrand,rfarrandia@yelp.com,,,China,CN
443489,Alyce,Castelli,acastelliib@toplist.cz,,132.86.33.240,Mexico,MX
820052,Kirsteni,Sawl,ksawlic@odnoklassniki.ru,Non-binary,,Japan,JP
951410,Jeane,Skinner,jskinnerid@disqus.com,Agender,,,
981321,,,,Female,,China,CN
986677,Nina,Pancast,npancastif@ning.com,Female,115.81.108.114,China,CN
808488,Kimbell,Klishin,kklishinig@wp.com,Genderqueer,49.1.181.12,Brazil,BR
560800,Josepha,Thacker,jthackerih@sohu.com,Female,52.228.84.14,Japan,JP
314851,,,,Bigender,42.192.201.217,China,CN
990358,Tuck,Shorrock,tshorrockij@webeden.co.uk,,109.245.63.29,China,CN
301170,Kimmie,Fernier,kfernierik@vinaora.com,Polygender,69.226.14.104,Canada,CA
427201,Arte,Dymond,adymondil@surveymonkey.com,Genderqueer,,,
938077,Steffie,Achurch,sachurchim@adobe.com,Non-binary,67.10.131.106,France,FR
275751,Devlin,Morefield,dmorefieldin@gravatar.com,Genderqueer,89.135.254.209,France,FR
814213,,,,,166.106.128.108,China,CN
716200,Trefor,Mosley,tmosleyip@apple.com,Non-binary,204.225.45.158,Brazil,BR
452729,Tommi,Schutte,tschutteiq@youtu.be,Female,44.42.244.144,France,FR
369955,Tate,Stanett,tstanettir@china.com.cn,,243.56.106.45,,
337957,Ludovika,Beakes,lbeakesis@com.com,Male,81.149.76.184,Japan,JP
284780,Carlyn,Gilliver,cgilliverit@zdnet.com,,,Brazil,BR
216761,Mercedes,Sivell,msivelliu@w3.org,Polygender,213.61.228.157,China,CN
337816,Conroy,Awty,cawtyiv@geocities.jp,Female,4.72.242.113,Mexico,MX
717073,Helge,Kisby,hkisbyiw@example.com,Agender,101.216.93.106,China,CN
527873,Claude,Shaul,cshaulix@t.co,Female,85.124.95.164,Brazil,BR
567410,Ophelie,Kaley,okaleyiy@opensource.org,Genderfluid,,United States,US
611615,Leann,Drew,ldrewiz@engadget.com,,,China,CN
873292,Terry,Whiffen,twhiffenj0@nifty.com,Genderfluid,,,
887975,,,,Polygender,,,
233756,Sara-ann,Moncrieffe,smoncrieffej2@hp.com,Agender,216.25.252.246,United States,US
377964,,,,,39.121.59.106,,
575839,Dorisa,Chadwin,dchadwinj4@tinypic.com,Agender,222.187.232.220,China,CN
144140,Owen,Armer,oarmerj5@tamu.edu,Bigender,,China,CN
816648,Gail,Mounce,gmouncej6@imgur.com,Non-binary,196.255.210.75,United States,US
342961,,,,Polygender,,Japan,JP
756886,Balduin,Pember,bpemberj8@biblegateway.com,Male,63.177.150.10,Russia,RU
334388,Thayne,Perot,tperotj9@sourceforge.net,,70.101.200.98,Canada,CA
138502,Regina,Gasker,rgaskerja@comsenz.com,Genderfluid,15.145.83.244,China,CN
466947,Lenette,Guille,lguillejb@soup.io,Bigender,224.94.206.153,,
362518,Joannes,Irons,jironsjc@symantec.com,Bigender,56.117.178.208,China,CN
253994,Tomkin,Leggatt,tleggattjd@ftc.gov,Non-binary,,,
873492,Brant,Benjamin,bbenjaminje@icio.us,Genderqueer,154.215.213.138,Japan,JP
400106,Caryn,Mathis,cmathisjf@sphinn.com,Male,39.147.91.221,Mexico,MX
664102,Ulric,Keri,ukerijg@tmall.com,Polygender,118.119.146.51,China,CN
711693,Thekla,Varns,tvarnsjh@guardian.co.uk,Male,,,
689588,Josy,Cressingham,jcressinghamji@princeton.edu,,91.230.44.153,,
319987,Avery,Bailie,abailiejj@nature.com,Female,,Brazil,BR
962776,Lanny,Mordey,lmordeyjk@cpanel.net,Non-binary,143.237.180.226,China,CN
702501,Vincent,Filliskirk,vfilliskirkjl@bbb.org,Polygender,135.137.30.177,,
882943,Rurik,Barbosa,rbarbosajm@thetimes.co.uk,Agender,118.212.28.169,China,CN
368769,Elsa,Eates,eeatesjn@facebook.com,Non-binary,146.122.200.178,,
326044,Raff,Andrejs,randrejsjo@stanford.edu,Genderfluid,5.92.244.43,,
798590,Gerek,Lingwood,glingwoodjp@shutterfly.com,Male,141.107.220.53,,
123303,,,,,,,
310480,Jarrod,Duxbarry,jduxbarryjr@state.tx.us,,249.129.197.36,Canada,CA
263758,Dale,Dulanty,ddulantyjs@hatena.ne.jp,,156.19.70.134,China,CN
858643,Klara,Hobgen,khobgenjt@discovery.com,Genderqueer,197.176.130.116,China,CN
800131,Lizbeth,Bollini,lbolliniju@issuu.com,Female,55.172.89.38,United Kingdom,GB
887254,,,,,,China,CN
245019,Brianne,Tennick,btennickjw@apple.com,Polygender,210.221.121.159,Russia,RU
503047,Emelita,Alster,ealsterjx@lycos.com,Female,110.240.126.56,China,CN
341912,Alyosha,Gunbie,agunbiejy@upenn.edu,Bigender,,Russia,RU
970040,Karl,Rickert,krickertjz@ezinearticles.com,Agender,,France,FR
542942,Gabbey,Moral,gmoralk0@ucsd.edu,Polygender,,China,CN
595345,Jorry,Braunle,jbraunlek1@acquirethisname.com,Female,188.79.252.247,China,CN
252356,Remus,Wigmore,rwigmorek2@geocities.jp,,150.152.197.160,United States,US
720128,Jaquith,Diggin,jdiggink3@instagram.com,,89.88.19.59,,
373709,Arline,Carlsson,acarlssonk4@mail.ru,Polygender,,China,CN
438927,Chip,Husher,chusherk5@reddit.com,Polygender,,Russia,RU
681775,Sarine,Hopkyns,shopkynsk6@ovh.net,Polygender,172.185.16.172,China,CN
395273,Isa,Curr,icurrk7@weather.com,,,,
262486,Isiahi,Worboy,iworboyk8@auda.org.au,,19.244.249.227,Russia,RU
301441,Matteo,Curman,mcurmank9@salon.com,,,France,FR
464021,Garrett,Sterley,gsterleyka@soundcloud.com,,,China,CN
324399,Marybelle,Chasmor,mchasmorkb@freewebs.com,Female,3.86.85.114,,
835616,Rem,Duncklee,rdunckleekc@taobao.com,Non-binary,,China,CN
940713,Wolf,Greenslade,wgreensladekd@sogou.com,Non-binary,76.195.101.209,China,CN
922722,Forrester,Willmont,fwillmontke@wisc.edu,,183.94.226.132,Brazil,BR
122596,Rosaleen,Moralis,rmoraliskf@facebook.com,Agender,80.221.184.110,China,CN
601877,Sharlene,McNaughton,smcnaughtonkg@fema.gov,Genderfluid,,China,CN
898089,Carver,Looks,clookskh@amazon.de,Non-binary,66.102.52.82,China,CN
715960,Ingrid,Brookes,ibrookeski@tiny.cc,Female,37.130.44.241,France,FR
837316,Magda,Clynter,mclynterkj@gravatar.com,Genderqueer,177.137.146.151,China,CN
314214,Corri,Brunstan,cbrunstankk@uiuc.edu,Polygender,216.139.219.94,Brazil,BR
483113,Yard,Hards,yhardskl@seattletimes.com,,,China,CN
936062,Kerianne,Cliss,kclisskm@xrea.com,Genderqueer,195.154.31.112,China,CN
468095,Nick,Dinsell,ndinsellkn@netlog.com,Female,240.50.179.214,,
120189,Jessamine,Tommasetti,jtommasettiko@about.com,Bigender,22.118.222.168,China,CN
455846,Modesta,McCreery,mmccreerykp@pagesperso-orange.fr,,,,
772533,Christophorus,Kitchingman,ckitchingmankq@sourceforge.net,,3.161.150.2,Brazil,BR
292289,Keri,Lansberry,klansberrykr@github.io,Agender,2.26.230.99,China,CN
111274,Lyndsey,Pond-Jones,lpondjonesks@wikimedia.org,,253.47.97.46,China,CN
974273,,,,Genderfluid,120.226.136.241,Russia,RU
748453,Dennie,LeEstut,dleestutku@indiegogo.com,Female,52.4.11.81,China,CN
883200,Coleman,Amaya,camayakv@newsvine.com,Non-binary,185.23.22.41,China,CN
956589,Armstrong,Sang,asangkw@theguardian.com,Bigender,165.213.89.5,,
238898,Judye,Sharple,jsharplekx@illinois.edu,Female,208.170.142.232,,
405597,Olly,Shadfourth,oshadfourthky@hatena.ne.jp,Genderfluid,246.176.162.227,China,CN
508594,,,,Non-binary,158.117.19.95,China,CN
375549,Jeromy,Millard,jmillardl0@technorati.com,Genderfluid,,China,CN
397899,Viv,Davidof,vdavidofl1@tuttocitta.it,Non-binary,,,
190445,Jany,Gansbuhler,jgansbuhlerl2@businessinsider.com,Female,45.197.57.62,,
732911,Gareth,Langstone,glangstonel3@paypal.com,Bigender,254.225.243.7,United States,US
756303,,,,Genderqueer,,Japan,JP
537775,James,Snaddon,jsnaddonl5@spiegel.de,Polygender,63.54.164.62,China,CN
911478,Rosana,Bedells,rbedellsl6@bravesites.com,,207.255.104.151,China,CN
288198,Padget,Paddick,ppaddickl7@netvibes.com,Genderqueer,245.213.49.195,United States,US
280095,Avivah,Benoist,abenoistl8@phpbb.com,Genderqueer,,China,CN
459645,,,,Bigender,,,
921366,Hagen,Bassick,hbassickla@buzzfeed.com,Genderqueer,202.58.141.116,China,CN
590509,Lina,Ishaki,lishakilb@reference.com,,,China,CN
820924,Moritz,Kittless,mkittlesslc@xing.com,Bigender,246.30.219.172,China,CN
994026,,,,Non-binary,194.134.86.79,France,FR
577062,,,,Genderfluid,126.164.42.215,Japan,JP
739737,Regine,Rodgerson,rrodgersonlf@europa.eu,,85.240.163.251,China,CN
120523,Nevile,Dmisek,ndmiseklg@alibaba.com,Genderqueer,130.217.179.234,China,CN
465213,,,,Female,,,
670273,,,,Genderfluid,,China,CN
832816,Martin,Beckson,mbecksonlj@goo.ne.jp,,,,
208445,Dari,Whines,dwhineslk@networksolutions.com,Bigender,,China,CN
596598,Germaine,Greber,ggreberll@wp.com,Male,37.112.152.35,Russia,RU
359903,Merola,Torbeck,mtorbecklm@fastcompany.com,Genderfluid,196.49.216.222,Russia,RU
398481,Carlo,Stare,cstareln@msn.com,Bigender,155.23.141.58,,
539485,Terrence,Wardel,twardello@amazon.co.uk,Polygender,163.229.64.221,China,CN
986682,Maryjo,Gaskoin,mgaskoinlp@angelfire.com,,,,
868827,Skippie,Melross,smelrosslq@joomla.org,Female,45.169.207.181,,
457490,Hilliary,Drakeley,hdrakeleylr@alibaba.com,Genderfluid,217.142.255.130,Canada,CA
465077,Sib,Frizzell,sfrizzellls@sbwire.com,Genderfluid,220.227.72.123,France,FR
772963,Derk,Simonson,dsimonsonlt@cdbaby.com,Male,98.243.209.79,China,CN
623187,Kearney,Hillin,khillinlu@accuweather.com,,129.178.112.151,Brazil,BR
269276,Milzie,Edison,medisonlv@marriott.com,,,China,CN
468820,Jefferey,Taggart,jtaggartlw@redcross.org,,,Brazil,BR
824556,,,,Agender,,,
181620,Patty,Schirok,pschirokly@mlb.com,Male,200.75.207.115,China,CN
917079,,,,Non-binary,,China,CN
439294,Ardene,Zisneros,azisnerosm0@nydailynews.com,Non-binary,212.243.152.53,Germany,DE
307289,Berna,Gerauld,bgerauldm1@dot.gov,Polygender,90.215.71.178,China,CN
394161,,,,Female,131.61.208.89,Japan,JP
736326,Tanner,Barwell,tbarwellm3@ocn.ne.jp,Non-binary,198.156.38.98,Russia,RU
707647,,,,Female,78.93.205.179,China,CN
794253,Seline,Balmann,sbalmannm5@ehow.com,Genderfluid,,Russia,RU
174336,,,,Bigender,,,
133686,Krystal,Groveham,kgrovehamm7@privacy.gov.au,Bigender,,China,CN
230717,Cornie,Beadman,cbeadmanm8@taobao.com,Genderfluid,49.235.245.52,,
437268,Chiquita,Batterham,cbatterhamm9@senate.gov,Non-binary,,Russia,RU
476400,Grenville,Creddon,gcreddonma@furl.net,Non-binary,7.81.135.76,,
937299,Almira,Bowmaker,abowmakermb@lycos.com,Genderfluid,217.35.10.158,China,CN
853434,Dyanna,Chinnock,dchinnockmc@adobe.com,Female,44.184.42.172,China,CN
990032,Lacey,Jellico,ljellicomd@chronoengine.com,,,China,CN
266543,Anatollo,Dillinton,adillintonme@vkontakte.ru,Agender,116.248.149.116,China,CN
916322,Denys,Erwin,derwinmf@cdbaby.com,Non-binary,,Japan,JP
588319,Simon,Domleo,sdomleomg@washingtonpost.com,Agender,178.3.94.107,China,CN
338366,Vaclav,Grainger,vgraingermh@mac.com,,,China,CN
306989,,,,,127.213.211.147,China,CN
390677,Nikolaus,Farncombe,nfarncombemj@shop-pro.jp,Female,15.193.99.69,Brazil,BR
856126,Kristo,Rickardsson,krickardssonmk@nydailynews.com,Bigender,41.22.162.123,China,CN
552132,Caspar,Rigden,crigdenml@mtv.com,Genderfluid,158.18.118.192,Brazil,BR
908319,Elly,Dabnot,edabnotmm@simplemachines.org,Genderfluid,,Japan,JP
506117,Flo,Celloni,fcellonimn@microsoft.com,Genderqueer,31.56.5.86,China,CN
241357,Annabela,McNea,amcneamo@nature.com,Non-binary,,China,CN
672736,,,,Genderfluid,41.33.125.229,China,CN
473259,Frasier,Applin,fapplinmq@mediafire.com,Male,,Russia,RU
539543,Wileen,Lieber,wliebermr@github.io,Non-binary,188.22.165.99,China,CN
416350,Selig,Konertz,skonertzms@ftc.gov,Genderfluid,122.76.223.129,,
924862,Quinton,Gosden,qgosdenmt@unicef.org,,,,
693733,Rolph,Minister,rministermu@mozilla.org,,,Russia,RU
534416,Tudor,Kilpatrick,tkilpatrickmv@arstechnica.com,Non-binary,215.95.250.30,,
328212,Jackelyn,Chuck,jchuckmw@cdc.gov,Female,159.184.166.181,Russia,RU
845991,,,,Female,5.110.118.1,China,CN
553366,Gwendolin,Barzen,gbarzenmy@squarespace.com,Agender,,,
450551,Katerine,Szymanowicz,kszymanowiczmz@surveymonkey.com,Non-binary,,,
836778,Beltran,Harnes,bharnesn0@home.pl,Genderqueer,,China,CN
149153,Regine,Angrock,rangrockn1@google.fr,Bigender,4.60.254.200,,
704926,Rudyard,Alenshev,ralenshevn2@angelfire.com,Male,116.126.27.17,China,CN
839934,Gilligan,Beynkn,gbeynknn3@jalbum.net,Bigender,,China,CN
587629,Raye,Hellikes,rhellikesn4@comsenz.com,,139.233.195.204,Russia,RU
103041,Carita,Autie,cautien5@skype.com,Polygender,44.163.187.121,China,CN
333962,Miguela,Yoell,myoelln6@bloomberg.com,Polygender,,Canada,CA
865669,Stafani,Isakov,sisakovn7@aol.com,Female,98.187.157.121,China,CN
882641,Cullin,Kemston,ckemstonn8@issuu.com,Bigender,,China,CN
169383,Allen,Myatt,amyattn9@ameblo.jp,Male,104.239.155.242,,
726381,,,,Polygender,183.246.111.180,,
931525,Conroy,Bruni,cbruninb@storify.com,Male,115.152.20.101,Japan,JP
488772,Dougie,Picford,dpicfordnc@sphinn.com,Genderqueer,103.125.178.102,Russia,RU
685760,,,,,252.59.66.62,,
316464,Elene,Swayte,eswaytene@cyberchimps.com,Non-binary,245.223.189.198,China,CN
791101,,,,,177.244.249.217,China,CN
893180,Edgar,Barratt,ebarrattng@psu.edu,Bigender,,,
974914,Dianna,Nutkins,dnutkinsnh@mit.edu,Non-binary,31.231.212.179,China,CN
878184,Kate,Linnard,klinnardni@narod.ru,Polygender,244.65.72.24,China,CN
413915,Aurora,Scrivner,ascrivnernj@techcrunch.com,Bigender,233.209.133.228,Japan,JP
522951,Tiff,Raccio,traccionk@youtu.be,Genderfluid,8.165.73.164,China,CN
558640,Skye,Edelmann,sedelmannnl@tripadvisor.com,Male,124.105.67.174,China,CN
964535,Gabriello,Borghese,gborghesenm@cam.ac.uk,Genderqueer,,Russia,RU
211112,Stuart,Ingle,singlenn@people.com.cn,Genderfluid,0.107.142.101,,
707452,Herculie,Neilus,hneilusno@youtu.be,Agender,89.37.177.253,China,CN
689882,Ileana,Santino,isantinonp@state.gov,Non-binary,199.103.47.215,China,CN
626326,Fionnula,Menico,fmeniconq@lulu.com,Agender,112.102.1.64,China,CN
898338,Audra,Corryer,acorryernr@google.cn,Genderqueer,104.95.113.40,Russia,RU
740869,Ignacio,McNellis,imcnellisns@earthlink.net,,184.245.192.117,China,CN
825087,Kinnie,Saggers,ksaggersnt@bbb.org,Polygender,114.188.92.147,France,FR
825779,Felita,Brokenshire,fbrokenshirenu@npr.org,Polygender,,Canada,CA
725249,Manny,Sparrowe,msparrowenv@bigcartel.com,Agender,138.41.139.235,France,FR
316195,Avram,Kilgannon,akilgannonnw@craigslist.org,,112.225.165.11,Russia,RU
646358,Caryl,Le Noir,clenoirnx@businesswire.com,Male,,,
804434,Jerrome,Fruin,jfruinny@joomla.org,Male,,Russia,RU
990969,,,,,,China,CN
716280,Antoni,Semark,asemarko0@comcast.net,Female,,China,CN
694353,Kurt,Wardell,kwardello1@squidoo.com,Non-binary,,China,CN
990517,Breena,Sergant,bserganto2@goo.gl,Polygender,23.151.111.209,China,CN
308134,Eduard,Pontin,epontino3@scientificamerican.com,Male,201.38.139.215,Russia,RU
290342,Maureen,Bute,mbuteo4@princeton.edu,Female,224.87.114.206,China,CN
239791,,,,,,Russia,RU
259581,,,,Genderfluid,,China,CN
872394,Fionnula,Sabati,fsabatio7@google.de,Polygender,6.61.180.86,,
439217,Britteny,Suggett,bsuggetto8@opensource.org,Male,8.208.178.187,,
526278,Latashia,Gorrick,lgorricko9@squidoo.com,,,China,CN
408384,Tiebout,Cirlos,tcirlosoa@desdev.cn,Agender,,Russia,RU
403900,Mureil,Winstanley,mwinstanleyob@quantcast.com,,14.156.214.77,China,CN
361787,Willa,Kliement,wkliementoc@technorati.com,Genderqueer,,China,CN
361628,Jacenta,Kleinschmidt,jkleinschmidtod@businessinsider.com,Polygender,227.122.166.51,China,CN
249378,Gradeigh,Clapham,gclaphamoe@123-reg.co.uk,Non-binary,,,
401678,Dennis,Palfreeman,dpalfreemanof@joomla.org,Female,65.176.202.171,,
582744,Everard,Watman,ewatmanog@deviantart.com,Genderfluid,96.106.236.129,,
529473,Constantine,Hensmans,chensmansoh@etsy.com,Polygender,171.129.102.63,Russia,RU
321932,Katherine,Jenney,kjenneyoi@deviantart.com,Genderfluid,201.115.69.216,Japan,JP
620635,Emelina,Sybe,esybeoj@shop-pro.jp,Genderqueer,89.217.2.116,China,CN
206663,Moe,Calltone,mcalltoneok@reuters.com,Agender,177.60.34.100,Brazil,BR
707178,,,,Bigender,249.192.55.85,France,FR
370259,Constantine,McGuffog,cmcguffogom@blog.com,Male,104.164.85.32,Brazil,BR
337326,Jacki,McVicker,jmcvickeron@qq.com,,29.232.44.205,United States,US
179395,Philippine,Acutt,pacuttoo@yolasite.com,,,China,CN
885450,Sherye,Coatman,scoatmanop@delicious.com,Polygender,,Russia,RU
320446,Claudianus,Mival,cmivaloq@diigo.com,Bigender,4.187.117.124,China,CN
823397,Shadow,Divers,sdiversor@wsj.com,Genderqueer,,France,FR
509470,Prudi,Bernhart,pbernhartos@yale.edu,Female,,China,CN
916692,Cornelle,Daggett,cdaggettot@prweb.com,Bigender,,China,CN
553101,Quinlan,Claydon,qclaydonou@printfriendly.com,Agender,99.76.43.225,,
495946,Boote,Laroze,blarozeov@dailymotion.com,Non-binary,,United States,US
241087,Letisha,Gainsborough,lgainsboroughow@reverbnation.com,Polygender,,China,CN
213521,Angela,Jzak,ajzakox@imageshack.us,Genderfluid,,China,CN
799944,Gareth,Ribbon,gribbonoy@cbsnews.com,Female,226.111.225.250,China,CN
607773,Fonzie,Cloake,fcloakeoz@parallels.com,Female,27.79.70.144,China,CN
581537,Deeann,McParland,dmcparlandp0@t.co,Genderfluid,144.238.167.105,Brazil,BR
526961,Isaac,Fyfield,ifyfieldp1@smugmug.com,Female,254.255.212.137,China,CN
219642,Elsy,Braidon,ebraidonp2@businesswire.com,Male,239.74.204.84,China,CN
569853,Kimberlyn,Craigie,kcraigiep3@gizmodo.com,Male,,China,CN
652499,Audrey,Dolohunty,adolohuntyp4@alexa.com,,237.211.206.179,,
141202,Marty,Jan,mjanp5@plala.or.jp,Male,22.119.57.250,China,CN
864982,Garold,Sebborn,gsebbornp6@github.com,,,China,CN
233011,Radcliffe,Jannaway,rjannawayp7@hp.com,Non-binary,233.140.8.86,United States,US
173107,Jillayne,Kneebone,jkneebonep8@bluehost.com,Non-binary,148.11.89.94,Russia,RU
732213,Camala,Stepney,cstepneyp9@youku.com,Female,27.0.173.178,China,CN
382503,Consuelo,Wildash,cwildashpa@ox.ac.uk,,,Canada,CA
394672,,,,Bigender,,China,CN
259327,Maye,Dinnage,mdinnagepc@accuweather.com,Female,180.36.89.77,Mexico,MX
887181,Coralie,Crummey,ccrummeypd@businessinsider.com,,,Germany,DE
761094,Daisey,Richens,drichenspe@weather.com,,213.223.17.244,China,CN
980368,,,,Male,84.139.208.63,China,CN
116796,,,,Bigender,172.170.64.240,China,CN
343026,Jyoti,Thorn,jthornph@globo.com,Genderfluid,19.151.105.149,Russia,RU
573143,Olimpia,Ruzicka,oruzickapi@craigslist.org,Agender,243.103.106.6,Russia,RU
680020,Langston,Harman,lharmanpj@statcounter.com,Genderqueer,,,
886898,Brian,Eymer,beymerpk@g.co,Non-binary,9.28.23.233,China,CN
717279,Gwenora,Casswell,gcasswellpl@comsenz.com,Bigender,,,
936526,,,,Male,213.238.165.168,France,FR
758277,Howard,Craydon,hcraydonpn@nps.gov,Genderqueer,213.242.37.127,United States,US
878986,Titus,Dunstan,tdunstanpo@cornell.edu,Agender,196.209.106.253,China,CN
334721,Olenolin,MacNaughton,omacnaughtonpp@dmoz.org,Non-binary,,,
624538,Oralia,Hayford,ohayfordpq@aboutads.info,Non-binary,73.129.43.202,Canada,CA
783063,Sayres,Band,sbandpr@huffingtonpost.com,Agender,178.175.253.12,China,CN
592594,Sarena,Cockell,scockellps@ebay.co.uk,Genderqueer,239.148.224.107,China,CN
190077,Fan,Putson,fputsonpt@etsy.com,Genderfluid,6.185.235.105,China,CN
880948,Cam,Jeffcock,cjeffcockpu@dailymotion.com,Agender,87.24.208.249,China,CN
965061,Chevy,Cotter,ccotterpv@bbc.co.uk,Genderfluid,,France,FR
417945,,,,Female,,Japan,JP
392153,Joel,Bladder,jbladderpx@telegraph.co.uk,Agender,,Russia,RU
986513,,,,Genderfluid,92.184.205.64,China,CN
616499,Carly,Broderick,cbroderickpz@mlb.com,Female,,,
428123,Farlee,Gorini,fgoriniq0@wordpress.org,Female,247.253.7.116,,
580299,Marlie,Cosgrove,mcosgroveq1@t-online.de,Genderfluid,105.127.90.159,,
484943,Ned,Newling,nnewlingq2@angelfire.com,Genderqueer,244.151.150.35,China,CN
175130,Vyky,Rogeron,vrogeronq3@biblegateway.com,Agender,102.68.127.239,China,CN
761201,Neel,Bramelt,nbrameltq4@ask.com,Female,164.199.120.108,China,CN
205864,Miner,Brocks,mbrocksq5@drupal.org,Polygender,200.43.105.130,China,CN
801136,Creighton,Bushby,cbushbyq6@toplist.cz,,,,
305912,Hildy,Bartkiewicz,hbartkiewiczq7@woothemes.com,Female,77.111.111.35,China,CN
250978,Bat,Hall,bhallq8@fotki.com,Bigender,175.21.228.121,China,CN
134917,Constancia,Babalola,cbabalolaq9@qq.com,,241.92.13.214,Russia,RU
984050,Meridel,Duddell,mduddellqa@dyndns.org,Polygender,,France,FR
130567,Nicky,Blything,nblythingqb@mit.edu,Genderfluid,,China,CN
469688,Hazel,Giberd,hgiberdqc@cnbc.com,Non-binary,73.252.125.109,Germany,DE
735022,Jimmy,Oscroft,joscroftqd@theglobeandmail.com,Polygender,148.200.218.244,,
487350,Clea,Popplestone,cpopplestoneqe@dagondesign.com,Female,84.125.152.98,Russia,RU
905800,Krista,Davidsen,kdavidsenqf@homestead.com,Bigender,,Brazil,BR
528778,Halette,Hurren,hhurrenqg@japanpost.jp,Male,17.229.40.194,China,CN
777325,Birgit,Daveridge,bdaveridgeqh@seesaa.net,Female,15.100.206.80,China,CN
572398,Gerry,Marusic,gmarusicqi@sitemeter.com,Genderqueer,100.112.184.171,Russia,RU
681441,Ulrika,Bayfield,ubayfieldqj@usnews.com,Female,209.238.166.136,,
338768,Nickolaus,Prater,npraterqk@unblog.fr,Genderqueer,103.216.203.124,China,CN
642101,Stacee,Hanselmann,shanselmannql@ezinearticles.com,Genderfluid,,China,CN
630601,Allin,Romaine,aromaineqm@delicious.com,,28.184.119.27,China,CN
946236,Jayne,Feldbaum,jfeldbaumqn@trellian.com,,,China,CN
294133,Fredrick,Crenage,fcrenageqo@dmoz.org,,185.252.47.37,China,CN
344996,Micki,Gallegos,mgallegosqp@goo.ne.jp,Genderqueer,192.91.151.104,China,CN
307032,Susy,De Clairmont,sdeclairmontqq@examiner.com,Genderqueer,167.133.169.173,China,CN
523705,Audy,Dorrian,adorrianqr@fema.gov,Female,190.35.11.220,Australia,AU
141553,Charlie,Rosenthal,crosenthalqs@nsw.gov.au,,,Brazil,BR
395197,Alana,Sannes,asannesqt@symantec.com,Genderqueer,,Brazil,BR
242643,Jasper,Thickens,jthickensqu@vkontakte.ru,Non-binary,111.247.122.84,China,CN
503300,Ange,Cowlam,acowlamqv@myspace.com,Bigender,111.106.186.20,United States,US
560304,Audi,Pankettman,apankettmanqw@weather.com,Male,,Russia,RU
861900,Britta,Sokell,bsokellqx@ycombinator.com,Agender,212.36.0.82,Brazil,BR
477627,Carie,Ilieve,cilieveqy@infoseek.co.jp,Polygender,199.80.194.170,China,CN
772625,Reggis,Wondraschek,rwondraschekqz@examiner.com,Bigender,29.126.250.120,Japan,JP
614823,Mozelle,Deniske,mdenisker0@de.vu,,,,
302365,,,,Female,250.208.41.118,China,CN
614873,Car,Islep,cislepr2@tuttocitta.it,Male,86.178.175.80,,
171315,Philomena,Pennoni,ppennonir3@apple.com,Female,18.50.218.169,Russia,RU
426258,Martynne,Signoret,msignoretr4@miibeian.gov.cn,Genderfluid,17.125.145.95,,
809965,Ethelyn,Whitnell,ewhitnellr5@seattletimes.com,Male,71.153.15.168,Russia,RU
583140,Georas,Westoff,gwestoffr6@springer.com,Non-binary,23.168.23.160,China,CN
542131,Mead,Simmgen,msimmgenr7@adobe.com,,75.93.105.173,Russia,RU
661032,Cad,Keeltagh,ckeeltaghr8@java.com,Polygender,110.209.177.254,China,CN
828785,Cathlene,Fawdery,cfawderyr9@geocities.com,Female,98.78.201.33,Mexico,MX
619173,Jon,Hovington,jhovingtonra@symantec.com,Bigender,,,
721979,,,,Genderfluid,225.145.156.191,,
974470,Bank,Smallman,bsmallmanrc@apple.com,Female,103.49.52.116,,
594531,Rafa,Dorward,rdorwardrd@bloglines.com,Male,,,
631132,Mervin,Ellicock,mellicockre@clickbank.net,Female,49.217.106.106,Japan,JP
973695,Mitchael,Joslin,mjoslinrf@amazon.com,,128.178.251.156,China,CN
211807,Sheba,Barkley,sbarkleyrg@bandcamp.com,,50.46.247.46,China,CN
592237,Shanan,Agate,sagaterh@hatena.ne.jp,Genderqueer,105.246.57.213,Russia,RU
111906,Cy,Brumfield,cbrumfieldri@businesswire.com,Bigender,63.101.203.223,France,FR
840941,Nathalia,Rasmus,nrasmusrj@epa.gov,,,France,FR
771212,Suzie,Dunton,sduntonrk@slate.com,Female,222.174.187.130,China,CN
744419,,,,Genderqueer,,,
598437,Beth,Densell,bdensellrm@oaic.gov.au,Polygender,111.190.154.120,China,CN
560066,Burk,Aumerle,baumerlern@deviantart.com,Agender,253.18.73.73,China,CN
466842,Krystyna,Qualtrough,kqualtroughro@fastcompany.com,Genderqueer,,Japan,JP
824750,Ilyssa,Stubbeley,istubbeleyrp@photobucket.com,Male,139.12.254.157,,
616417,Tammy,Mylechreest,tmylechreestrq@ucsd.edu,Female,179.18.185.131,China,CN
324926,Sascha,Bartens,sbartensrr@state.tx.us,Non-binary,105.60.223.61,China,CN
